Unnamed: 0,Date,text_headlines
10,2022-02-14 06:37:00,nio stock falls after downbeat china auto sales data tesla shares also take a hit
18,2022-02-05 08:03:00,these us lawmakers rank as the biggest traders of hot stocks like apple tesla and gamestop
37,2022-02-08 04:32:00,tesla inc stock outperforms competitors on strong trading day
44,2022-02-07 04:32:00,tesla inc stock underperforms monday when compared to competitors
71,2022-02-02 04:32:00,tesla inc stock underperforms wednesday when compared to competitors
76,2022-02-01 04:32:00,tesla inc stock outperforms competitors despite losses on the day
80,2022-02-01 10:06:00,nio’s deliveries fell last month what that means for tesla
106,2022-01-28 04:28:00,the dow climbed apple stock soared—and what else happened in the stock market today
112,2022-01-27 04:32:00,tesla inc stock underperforms thursday when compared to competitors
113,2022-01-27 04:28:00,dow turns lower gdp tops expectations apple earnings ahead—and what else is happening in the stock market today
158,2022-01-24 04:00:00,ibm’s pension slashed stakes in apple microsoft and tesla it bought ge
176,2022-01-20 09:49:00,alibaba stock and jdcom are outperforming apple and tesla here’s why
181,2022-01-19 04:32:00,tesla inc stock underperforms wednesday when compared to competitors
189,2022-01-18 09:04:00,tech stocks are getting slammed yet again why apple microsoft tesla and 10 others can rise
208,2022-01-13 04:32:00,tesla inc stock underperforms thursday when compared to competitors
228,2022-01-10 05:11:00,nio inc adr falls monday underperforms market
231,2022-01-10 04:32:00,tesla inc stock outperforms competitors on strong trading day
261,2022-01-05 04:32:00,tesla inc stock underperforms wednesday when compared to competitors
269,2022-01-05 08:52:00,ignore tesla and apple stock for massive returns in tech says ubs look here instead
292,2022-01-03 04:07:00,apple comes up short of $3 trillion market cap
293,2022-01-03 03:02:00,apple becomes the first company worth $3 trillion
296,2022-01-03 10:19:00,chinese ev makers reported big delivery figures nio stock is surging the most
304,2022-01-03 08:31:00,nio's stock surges after reporting deliveries more than doubled in 2021
322,2021-12-31 07:31:00,nio's stock pulls back after soaring about 15percent the previous session
335,2021-12-29 04:32:00,tesla inc stock outperforms competitors despite losses on the day
370,2021-12-23 04:32:00,tesla inc stock outperforms competitors on strong trading day
398,2021-12-20 04:32:00,tesla inc stock underperforms monday when compared to competitors
400,2021-12-20 00:00:00,nio stock is cratering because manchin’s latest move means more than a new model
405,2021-12-18 09:59:00,after a dazzling 2021 apple and tesla stocks are expected to be duds in 2022
408,2021-12-17 04:32:00,tesla inc stock outperforms competitors on strong trading day
417,2021-12-16 04:32:00,tesla inc stock underperforms thursday when compared to competitors
420,2021-12-15 05:39:00,tesla nio and other ev stocks were saved by the fed
449,2021-12-13 04:32:00,tesla inc stock underperforms monday when compared to competitors
453,2021-12-12 00:31:00,apple could be the first $3 trillion company why its rally won’t stop there
470,2021-12-09 04:32:00,tesla inc stock underperforms thursday when compared to competitors
486,2021-12-07 09:27:00,tesla inc stock outperforms competitors on strong trading day
518,2019-12-30 00:54:00,nio stock is flying on upbeat results it’s still way down for 2019
523,2021-12-03 04:32:00,tesla inc stock underperforms friday when compared to competitors
524,2021-12-03 04:30:00,nio and its ev peers take hit on delisting concerns even tesla is impacted
558,2019-06-12 05:15:00,the bull case and the bear case on apple stock
575,2021-11-23 04:32:00,tesla inc stock underperforms tuesday when compared to competitors
601,2021-11-19 04:32:00,tesla inc stock outperforms competitors on strong trading day
608,2021-11-18 05:44:00,the apple car is back in the news it’s still a stretch
609,2021-11-18 04:32:00,tesla inc stock outperforms competitors on strong trading day
611,2021-11-18 02:38:00,apple reportedly revving up electric-vehicle plans — ‘a matter of when not if’
631,2021-11-16 04:32:00,tesla inc stock outperforms competitors on strong trading day
646,2021-11-15 04:32:00,tesla inc stock underperforms monday when compared to competitors
665,2021-11-12 04:32:00,tesla inc stock underperforms friday when compared to competitors
686,2021-11-10 04:32:00,tesla inc stock outperforms competitors on strong trading day
688,2021-11-10 11:01:00,nio’s earnings were fine but not guidance its stock is ok what a surprise
691,2021-11-10 08:30:00,rivian ipo set to boost backers including ford amazon and more
696,2021-11-09 10:48:00,rivian ipo 5 things to know about the amazon-backed electric-vehicle maker
700,2021-11-09 04:32:00,tesla inc stock underperforms tuesday when compared to competitors
715,2021-11-08 04:32:00,tesla inc stock underperforms monday when compared to competitors
748,2021-11-02 04:32:00,tesla inc stock underperforms tuesday when compared to competitors
759,2021-10-30 11:13:00,here’s the math for tesla’s stock price if it becomes the apple of car makers
766,2021-11-01 10:18:00,what nio’s terrible ev month means for tesla
800,2021-10-26 04:32:00,tesla inc stock underperforms tuesday when compared to competitors
807,2021-10-25 04:32:00,tesla inc stock outperforms competitors on strong trading day
837,2021-10-21 04:32:00,tesla inc stock outperforms competitors on strong trading day
842,2021-10-21 00:16:00,tesla stock’s surge is lifting ford and nio
869,2021-10-19 09:07:00,a smartphone maker not named apple is getting into evs it’s going to be rough
872,2021-10-18 04:32:00,tesla inc stock outperforms competitors on strong trading day
888,2021-10-16 00:45:00,musk trolls bezos over wealth he could have talked about tesla stock outperforming amazon
890,2021-10-15 04:32:00,tesla inc stock outperforms competitors on strong trading day
916,2021-10-11 04:09:00,jeff bezos reflects on ‘amazonbomb’
924,2021-10-08 04:32:00,tesla inc stock underperforms friday when compared to competitors
934,2021-10-07 04:32:00,tesla inc stock underperforms thursday when compared to competitors despite daily gains
941,2021-10-07 08:52:00,nio stock is jumping because goldman says it could gain 66percent
975,2021-10-01 04:32:00,tesla inc stock outperforms competitors despite losses on the day
977,2021-10-01 00:55:00,nio ev deliveries were stellar its stock says otherwise
981,2021-10-01 08:11:00,chinese ev maker nio says q3 deliveries totaled 24439 vehicles topping its own guidance
1001,2021-09-28 04:32:00,tesla inc stock underperforms tuesday when compared to competitors
1010,2021-09-27 10:10:00,there’s a global energy crisis — and it’s bad news for apple and tesla
1032,2021-09-23 10:04:00,nio stock is rising because it has a new ev battery what makes this one special
1033,2021-09-23 09:15:00,how the dean of valuation prices loss-making tech stocks — and his views on amazon netflix and airbnb
1035,2021-09-22 04:32:00,tesla inc stock outperforms competitors on strong trading day
1041,2021-09-21 04:32:00,tesla inc stock underperforms tuesday when compared to competitors despite daily gains
1044,2021-09-20 04:32:00,tesla inc stock underperforms monday when compared to competitors
1050,2021-09-20 08:26:00,tesla nio stocks fall as li auto deliveries warning evergrande fears weigh
1074,2021-09-13 05:19:00,china has ‘too many’ ev firms what it means for nio and tesla stock
1077,2021-09-10 04:32:00,tesla inc stock underperforms friday when compared to competitors
1085,2021-09-09 03:13:00,amazon goes after elon musk spacex in battle for space dominance
1089,2021-09-08 07:45:00,nio shares fall after $2 billion stock offering announced
1091,2021-09-07 04:32:00,tesla inc stock outperforms competitors on strong trading day
1093,2021-09-07 03:38:00,ford’s stock jumps tuesday after vehicle maker hires former apple tesla executive
1100,2021-09-03 08:02:00,former tesla amazon exec steps down as beyond meat coo less than two years after arrival
1102,2021-09-02 04:32:00,tesla inc stock underperforms thursday when compared to competitors
1106,2021-09-01 04:32:00,tesla inc stock underperforms wednesday when compared to competitors
1109,2021-09-01 11:12:00,nio stock brushes off weak august deliveries the chip shortage isn’t over though
1110,2021-09-01 11:02:00,lotus is getting money from nio what it means for ferrari and porsche
1113,2021-09-01 06:06:00,nio stock drops after deliveries outlook cut citing 'uncertainty' of chip supplies
1125,2021-08-27 04:32:00,tesla inc stock outperforms competitors on strong trading day
1128,2021-08-27 00:24:00,jeff bezos ups his battle with elon musk and spacex this time it’s amazon complaining
1145,2021-08-23 04:32:00,tesla inc stock outperforms competitors on strong trading day
1152,2021-08-21 08:41:00,for vw to sell more evs than tesla or nio in china here’s what needs to change says analyst
1188,2021-08-14 08:53:00,how to value nio’s stock compared to tesla vw ford and other rivals
1191,2021-08-13 04:32:00,tesla inc stock underperforms friday when compared to competitors
1204,2021-08-11 04:32:00,tesla inc stock underperforms wednesday when compared to competitors
1219,2021-07-26 05:11:00,bitcoin is soaring on bets that amazon will go crypto why the rally could last
1223,2021-08-06 04:32:00,tesla inc stock underperforms friday when compared to competitors
1239,2018-09-25 04:01:00,is amazon investing enough in autonomous driving
1245,2021-08-02 04:32:00,tesla inc stock outperforms competitors on strong trading day
1248,2021-08-02 06:30:00,xpeng's stock rallies after record july delivery data nio's stock slips
1279,2021-07-26 08:23:00,apple tesla amazon pfizer and other stocks to watch this week
1283,2021-07-26 07:46:00,the main attractions arrive apple microsoft google facebook amazon and tesla headline the biggest week of earnings
1289,2021-07-23 04:32:00,tesla inc stock underperforms friday when compared to competitors
1293,2021-07-22 04:32:00,tesla inc stock outperforms competitors despite losses on the day
1309,2021-07-19 04:32:00,tesla inc stock outperforms competitors on strong trading day
1323,2021-07-15 04:32:00,tesla inc stock outperforms competitors despite losses on the day
1331,2021-07-13 04:32:00,tesla inc stock underperforms tuesday when compared to competitors
1350,2021-07-08 04:32:00,tesla inc stock outperforms competitors on strong trading day
1362,2021-07-06 02:02:00,nio and other chinese ev stocks have a didi problem
1378,2021-07-01 08:59:00,nio stock is jumping after impressive deliveries why that’s good news for tesla
1385,2021-07-01 04:32:00,tesla inc stock underperforms thursday when compared to competitors
1389,2021-07-01 08:16:00,tesla rival nio shares jump 3percent premarket after it reports record deliveries for june month and quarter
1399,2021-06-29 11:27:00,tesla is under pressure from nio but these are the best electric-vehicle investments right now says ubs
1400,2021-06-29 00:49:00,nio stock keeps on rallying hope about deliveries might be the key
1414,2021-06-25 04:32:00,tesla inc stock underperforms friday when compared to competitors
1422,2021-06-24 04:32:00,tesla inc stock outperforms competitors on strong trading day
1426,2021-06-23 04:32:00,tesla inc stock outperforms competitors on strong trading day
1435,2021-06-21 05:40:00,amazon and apple are the most valuable brands in the world — but these chinese companies are catching up
1436,2021-06-21 04:32:00,tesla inc stock underperforms monday when compared to competitors
1447,2021-06-18 04:32:00,tesla inc stock outperforms competitors on strong trading day
1448,2021-06-17 04:32:00,tesla inc stock outperforms competitors on strong trading day
1457,2021-06-14 04:32:00,tesla inc stock outperforms competitors on strong trading day
1470,2021-06-10 04:32:00,tesla inc stock outperforms competitors on strong trading day
1475,2021-06-09 04:00:00,this robot-run fund thinks gamestop stock will soar in june and predicts a fall for tesla and amazon
1476,2021-06-09 11:50:00,this robot-run etf favors a meme stock over tesla and amazon here’s what else it bought
1482,2021-06-07 04:32:00,tesla inc stock outperforms competitors on strong trading day
1499,2017-05-26 04:38:00,tesla a curious case of investor opinion
1502,2021-06-02 04:32:00,tesla inc stock underperforms wednesday when compared to competitors
1510,2021-06-02 08:25:00,amazon prime day is good for shoppers just don’t expect it to move the stock
1526,2021-05-29 02:37:00,bitcoin gamestop and nio bets turned this flight attendant into a millionaire now he’s wagering it all in one final push to $3 million
1558,2021-05-24 04:32:00,tesla inc stock outperforms competitors on strong trading day
1575,2021-05-20 04:32:00,tesla inc stock outperforms competitors on strong trading day
1590,2021-05-18 04:32:00,tesla inc stock underperforms tuesday when compared to competitors despite daily gains
1624,2021-05-13 04:32:00,tesla inc stock underperforms thursday when compared to competitors
1658,2021-05-10 04:32:00,tesla inc stock underperforms monday when compared to competitors
1682,2021-05-07 04:32:00,tesla inc stock outperforms competitors on strong trading day
1702,2021-05-04 04:32:00,tesla inc stock underperforms tuesday when compared to competitors
1706,2021-05-03 04:32:00,tesla inc stock underperforms monday when compared to competitors
1707,2021-05-03 03:13:00,nio deliveries more than double in april but growth slows
1713,2021-05-02 04:39:00,tesla stock and apple were bought by a big investor it sold alibaba and xpeng
1716,2021-04-30 04:28:00,maybe nio earnings weren’t so bad after all why the stock is  suddenly rising
1726,2021-04-28 04:32:00,tesla inc stock underperforms wednesday when compared to competitors
1738,2021-04-25 08:29:00,famed investor bill miller is roaring back with amazon bitcoin and gm
1758,2021-04-25 07:00:00,giant investor bought ev stocks tesla and nio and microsoft here’s what it sold
1763,2021-04-22 04:32:00,tesla inc stock underperforms thursday when compared to competitors
1772,2021-04-12 09:06:00,buy tesla because it could be the next apple here’s how
1774,2021-04-07 05:26:00,nio and other chinese ev stocks are getting crushed tesla’s not doing so hot either
1785,2021-04-19 04:32:00,tesla inc stock underperforms monday when compared to competitors
1806,2021-04-14 09:30:00,ford is coming for tesla and nio in china
1809,2021-04-13 04:32:00,tesla inc stock outperforms competitors on strong trading day
1813,2021-04-13 10:06:00,will tesla be the next apple here’s how investors can play it
1816,2021-04-12 04:32:00,tesla inc stock outperforms competitors on strong trading day
1828,2021-04-09 04:32:00,tesla inc stock underperforms friday when compared to competitors
1833,2021-04-07 04:32:00,tesla inc stock underperforms wednesday when compared to competitors
1840,2021-04-06 04:32:00,tesla inc stock outperforms competitors on strong trading day
1846,2021-04-05 04:39:00,tesla appeals federal order to delete elon musk’s anti-union tweet
1869,2021-03-31 11:24:00,apple to use tesla battery packs for solar-energy storage facility report
1880,2021-03-31 06:31:00,ubs upgrades apple to buy on auto market hopes
1887,2021-03-29 04:32:00,tesla inc stock underperforms monday when compared to competitors
1893,2021-03-26 04:32:00,tesla inc stock underperforms friday when compared to competitors
1896,2021-03-25 08:43:00,tesla must rehire fired worker and elon musk must delete anti-union tweet nlrb rules
1900,2021-03-25 04:32:00,tesla inc stock outperforms competitors on strong trading day
1902,2021-03-24 04:32:00,tesla inc stock underperforms wednesday when compared to competitors
1903,2021-03-24 04:19:00,how is tesla stock worth $3000 by becoming bigger than apple
1910,2021-03-23 04:32:00,tesla inc stock outperforms competitors despite losses on the day
1914,2021-03-22 04:32:00,tesla inc stock outperforms competitors on strong trading day
1963,2021-03-13 03:11:00,forget nio and xpeng this company and tesla will be the top two electric-vehicle plays by 2025 says ubs
1966,2021-03-13 07:00:00,one bank made big bets on apple tesla nio and other ev stocks
1967,2021-03-12 04:32:00,tesla inc stock underperforms friday when compared to competitors
1974,2021-03-11 03:15:00,watch apple tesla and these other tech stocks for signals the bull market will keep charging says analyst
1975,2021-03-11 03:07:00,tesla nio stocks surge after mizuho analyst said buy the ev leaders
1995,2021-03-09 06:51:00,tesla nio stocks bounce after upbeat china car sales data
2011,2021-03-05 04:32:00,tesla inc stock underperforms friday when compared to competitors
2017,2021-03-05 06:50:00,tesla and nio have sold off but the ev party is just getting started and china is key say these analysts
2019,2017-09-19 03:19:00,tesla apple and amazon alike in spirit not profits
2020,2021-03-04 04:33:00,tesla inc stock underperforms thursday when compared to competitors
2021,2021-03-04 01:48:00,ev stocks nio and tesla are falling again it’s not the companies’ fault
2027,2021-03-03 04:32:00,tesla inc stock underperforms wednesday when compared to competitors
2032,2021-03-02 04:32:00,tesla inc stock underperforms tuesday when compared to competitors
2047,2021-02-25 04:32:00,tesla inc stock underperforms thursday when compared to competitors
2052,2021-02-24 00:19:00,wall street is obsessed with an apple car why tech analysts might be too excited
2058,2021-02-23 04:33:00,tesla inc stock underperforms tuesday when compared to competitors
2074,2021-02-22 04:33:00,tesla inc stock underperforms monday when compared to competitors
2080,2021-02-21 07:01:00,a giant fund bought ev stocks nio and tesla and intel here’s what it sold
2083,2021-02-19 04:53:00,ford motor co stock outperforms competitors on strong trading day
2084,2021-02-19 04:49:00,nio inc adr rises friday outperforms market
2086,2021-02-19 04:32:00,tesla inc stock underperforms friday when compared to competitors
2088,2021-02-19 10:08:00,nio stock is slumping there’s probably nothing wrong
2090,2021-02-18 04:58:00,general motors co stock underperforms thursday when compared to competitors
2092,2021-02-18 04:49:00,nio inc adr falls thursday underperforms market
2096,2021-02-17 04:58:00,general motors co stock underperforms wednesday when compared to competitors
2097,2021-02-17 04:53:00,ford motor co stock underperforms wednesday when compared to competitors
2098,2021-02-17 04:49:00,nio inc adr falls wednesday underperforms market
2104,2021-02-16 11:44:00,can bill gates — ‘another rich guy with an opinion’ — move the needle on climate change
2105,2021-02-16 04:58:00,general motors co stock outperforms competitors despite losses on the day
2106,2021-02-16 04:54:00,ford motor co stock outperforms competitors on strong trading day
2107,2021-02-16 04:49:00,nio inc adr falls tuesday underperforms market
2108,2021-02-16 04:47:00,workhorse group inc stock underperforms tuesday when compared to competitors
2109,2021-02-16 04:33:00,tesla inc stock outperforms competitors despite losses on the day
2111,2021-02-16 01:54:00,apple icar speculation  continues tech and auto analysts see the car differently
2117,2021-02-14 07:00:00,a huge fund bought tesla apple and microsoft stock here’s what it sold
2125,2021-02-12 04:49:00,nio inc adr underperforms friday when compared to competitors
2134,2021-02-11 04:49:00,nio inc adr falls thursday underperforms market
2135,2021-02-11 04:47:00,workhorse group inc stock underperforms thursday when compared to competitors
2146,2021-02-10 04:53:00,ford motor co stock outperforms competitors despite losses on the day
2147,2021-02-10 04:49:00,nio inc adr outperforms competitors despite losses on the day
2156,2021-02-09 04:49:00,nio inc adr outperforms market on strong trading day
2157,2021-02-09 04:47:00,workhorse group inc stock outperforms competitors on strong trading day
2158,2021-02-09 04:32:00,tesla inc stock underperforms tuesday when compared to competitors
2166,2021-02-08 04:58:00,general motors co stock outperforms competitors on strong trading day
2168,2021-02-08 04:49:00,nio inc adr rises monday outperforms market
2185,2021-02-05 04:49:00,nio inc adr falls friday underperforms market
2186,2021-02-05 04:47:00,workhorse group inc stock underperforms friday when compared to competitors
2189,2021-02-04 04:58:00,general motors co stock outperforms competitors despite losses on the day
2191,2021-02-04 04:49:00,nio inc adr underperforms thursday when compared to competitors
2192,2021-02-04 04:47:00,workhorse group inc stock outperforms competitors on strong trading day
2202,2021-02-03 04:49:00,nio inc adr rises wednesday outperforms market
2203,2021-02-03 04:47:00,workhorse group inc stock outperforms competitors on strong trading day
2206,2021-02-03 08:29:00,apple car rumors won’t stop kia stock is rising
2210,2021-02-02 04:49:00,nio inc adr falls tuesday underperforms market
2211,2021-02-02 04:47:00,workhorse group inc stock underperforms tuesday when compared to competitors
2212,2021-02-02 04:41:00,invesco mortgage capital inc stock underperforms tuesday when compared to competitors
2213,2021-02-02 04:32:00,tesla inc stock outperforms competitors on strong trading day
2220,2021-02-01 04:59:00,general motors co stock underperforms monday when compared to competitors despite daily gains
2222,2021-02-01 04:49:00,nio inc adr falls monday underperforms market
2223,2021-02-01 04:47:00,workhorse group inc stock outperforms competitors on strong trading day
2227,2021-02-01 00:15:00,nio xpeng report rising sales as wall street awaits us auto sales snapshot
2239,2021-01-30 07:00:00,large pension bets big on ev stocks tesla and nio here’s what it sold
2243,2021-01-29 04:58:00,general motors co stock outperforms competitors despite losses on the day
2245,2021-01-29 04:49:00,nio inc adr outperforms competitors despite losses on the day
2262,2021-01-28 04:53:00,ford motor co stock outperforms competitors despite losses on the day
2263,2021-01-28 04:49:00,nio inc adr outperforms competitors on strong trading day
2264,2021-01-28 04:46:00,workhorse group inc stock underperforms thursday when compared to competitors
2275,2021-01-27 10:05:00,apple justifies its huge valuation while tesla … not so much
2281,2021-01-27 04:54:00,ford motor co stock underperforms wednesday when compared to competitors
2282,2021-01-27 04:49:00,nio inc adr falls wednesday underperforms market
2285,2021-01-27 04:33:00,tesla inc stock outperforms competitors despite losses on the day
2296,2021-01-26 04:53:00,ford motor co stock underperforms tuesday when compared to competitors
2297,2021-01-26 04:49:00,nio inc adr rises tuesday outperforms market
2298,2021-01-25 08:00:00,apple should build an icar here’s why
2301,2021-01-26 04:41:00,invesco mortgage capital inc stock outperforms competitors on strong trading day
2302,2021-01-26 04:32:00,tesla inc stock outperforms competitors on strong trading day
2307,2021-01-25 04:54:00,ford motor co stock underperforms monday when compared to competitors
2309,2021-01-25 04:49:00,nio inc adr falls monday underperforms market
2311,2021-01-25 04:41:00,invesco mortgage capital inc stock outperforms competitors on strong trading day
2317,2021-01-25 08:02:00,what to watch for as apple tesla and facebook prepare to report record sales in busy week of earnings
2320,2021-01-24 11:00:00,nancy pelosi’s husband bought stock options in apple tesla and disney
2332,2021-01-22 04:53:00,ford motor co stock underperforms friday when compared to competitors
2333,2021-01-22 04:49:00,nio inc adr rises friday outperforms market
2334,2021-01-22 04:46:00,workhorse group inc stock outperforms competitors on strong trading day
2337,2021-01-22 03:07:00,nio stock is surging after picking up another buy rating
2344,2021-01-21 04:58:00,general motors co stock underperforms thursday when compared to competitors
2346,2021-01-21 04:49:00,nio inc adr rises thursday outperforms market
2358,2021-01-20 04:53:00,ford motor co stock outperforms competitors on strong trading day
2360,2021-01-20 04:49:00,nio inc adr underperforms wednesday when compared to competitors
2361,2021-01-20 04:47:00,workhorse group inc stock underperforms wednesday when compared to competitors
2371,2021-01-19 04:44:00,nio inc adr outperforms market on strong trading day
2372,2021-01-19 04:42:00,workhorse group inc stock underperforms tuesday when compared to competitors despite daily gains
2374,2021-01-19 04:27:00,tesla inc stock outperforms competitors on strong trading day
2378,2021-01-19 10:09:00,li auto stock gets a new buy rating but analyst is cautious on nio and xpeng
2385,2021-01-16 07:00:00,big pension bought up tesla apple microsoft and ge stock
2387,2021-01-15 06:09:00,ford motor co stock underperforms friday when compared to competitors
2389,2021-01-15 05:48:00,nio inc adr falls friday underperforms market
2403,2021-01-14 05:48:00,nio inc adr falls thursday underperforms market
2405,2021-01-14 05:12:00,invesco mortgage capital inc stock outperforms competitors on strong trading day
2406,2021-01-14 04:35:00,tesla inc stock underperforms thursday when compared to competitors
2410,2021-01-14 09:00:00,dpw holdings stock soars as coolisys's ev charger can now be preordered on amazon
2412,2021-01-13 06:30:00,general motors co stock outperforms competitors on strong trading day
2414,2021-01-13 05:48:00,nio inc adr rises wednesday still underperforms market
2415,2021-01-13 05:38:00,workhorse group inc stock underperforms wednesday when compared to competitors
2416,2021-01-13 05:12:00,invesco mortgage capital inc stock underperforms wednesday when compared to competitors
2422,2021-01-13 10:19:00,another ev stock jumps on apple car rumors
2427,2021-01-12 05:48:00,nio inc adr falls tuesday underperforms market
2428,2021-01-12 05:38:00,workhorse group inc stock underperforms tuesday when compared to competitors
2429,2021-01-12 05:12:00,invesco mortgage capital inc stock underperforms tuesday when compared to competitors
2432,2021-01-12 07:55:00,nio stock pulls back after citigroup downgrades on tesla competition concerns
2433,2021-01-12 07:22:00,nio is raising money and its stock got cut why its shares won’t fall
2435,2021-01-11 06:09:00,ford motor co stock outperforms competitors on strong trading day
2436,2021-01-11 05:48:00,nio inc adr rises monday outperforms market
2439,2021-01-11 04:23:00,nio is rallying after its annual consumer event analysts are raising price targets
2445,2021-01-11 00:39:00,tesla nio shares get price-target hikes
2446,2021-01-11 10:19:00,this fund manager says amazon and other large-cap tech companies will make lots of money for investors for years to come
2452,2021-01-11 06:27:00,nio's stock jumps into record territory after unveiling of et7 luxury sedan
2454,2021-01-10 03:14:00,nio day was a blockbuster here’s what the chinese auto maker revealed
2455,2021-01-10 02:36:00,amazon and tesla have been great long-term stocks how to find the next ones
2462,2021-01-08 05:48:00,nio inc adr outperforms market on strong trading day
2463,2021-01-08 05:38:00,workhorse group inc stock underperforms friday when compared to competitors
2468,2021-01-08 04:35:00,tesla inc stock outperforms competitors on strong trading day
2474,2021-01-07 11:52:00,hyundai motor confirms self-driving-car talks with apple shares skyrocket
2478,2021-01-07 05:48:00,nio inc adr outperforms market on strong trading day
2484,2021-01-07 04:01:00,nio stock jumps again here are 3 reasons why
2489,2021-01-06 06:29:00,general motors co stock outperforms competitors on strong trading day
2490,2021-01-06 06:09:00,ford motor co stock underperforms wednesday when compared to competitors despite daily gains
2491,2021-01-06 05:48:00,nio inc adr falls wednesday underperforms market
2492,2021-01-06 05:43:00,workhorse group inc stock outperforms competitors on strong trading day
2493,2021-01-06 05:12:00,invesco mortgage capital inc stock underperforms wednesday when compared to competitors despite daily gains
2502,2021-01-05 05:48:00,nio inc adr falls tuesday underperforms market
2510,2021-01-04 06:30:00,general motors co stock underperforms monday when compared to competitors
2512,2021-01-04 05:49:00,nio inc adr rises monday outperforms market
2513,2021-01-04 05:39:00,workhorse group inc stock outperforms competitors on strong trading day
2514,2021-01-04 05:12:00,invesco mortgage capital inc stock underperforms monday when compared to competitors
2520,2021-01-04 11:48:00,tesla nio deliveries show ev sector is ‘white hot’ stocks rise
2528,2021-01-02 00:35:00,20 electric vehicle stocks besides tesla and nio that analysts expect to rise the most over the next year
2532,2021-01-01 03:29:00,tesla cuts prices in china that could be bad news for nio li and xpeng
2533,2020-12-31 06:29:00,general motors co stock underperforms thursday when compared to competitors
2535,2020-12-31 05:48:00,nio inc adr rises thursday outperforms market
2538,2020-12-31 04:36:00,tesla inc stock outperforms competitors on strong trading day
2540,2020-12-31 10:39:00,apple cost short sellers $7 billion this year but there’s a stock that was much more brutal for the bears
2546,2020-12-30 05:48:00,nio inc adr outperforms market on strong trading day
2556,2020-12-29 06:30:00,general motors co stock underperforms tuesday when compared to competitors
2557,2020-12-29 06:09:00,ford motor co stock underperforms tuesday when compared to competitors
2558,2020-12-29 05:48:00,nio inc adr outperforms market on strong trading day
2562,2020-12-29 04:36:00,tesla inc stock underperforms tuesday when compared to competitors despite daily gains
2566,2020-12-28 05:48:00,nio inc adr falls monday underperforms market
2567,2020-12-28 05:43:00,workhorse group inc stock underperforms monday when compared to competitors
2574,2020-12-28 07:38:00,a big fund sold apple and tesla stock here’s what it bought
2585,2020-12-24 05:48:00,nio inc adr falls thursday underperforms market
2586,2020-12-24 05:43:00,workhorse group inc stock underperforms thursday when compared to competitors despite daily gains
2589,2020-12-24 00:30:00,what apple would want from the auto market it’s not about making cars
2590,2020-12-24 11:27:00,apple might pick a partner for its icar but it might not be tesla
2593,2020-12-23 06:29:00,general motors co stock outperforms competitors on strong trading day
2594,2020-12-23 06:09:00,ford motor co stock outperforms competitors on strong trading day
2595,2020-12-23 05:48:00,nio inc adr underperforms wednesday when compared to competitors
2596,2020-12-23 05:43:00,workhorse group inc stock underperforms wednesday when compared to competitors
2607,2020-12-22 06:09:00,ford motor co stock underperforms tuesday when compared to competitors
2608,2020-12-22 05:48:00,nio inc adr underperforms tuesday when compared to competitors
2610,2020-12-22 05:24:00,tesla’s musk claims ‘during dark days of model 3’ he sought an apple buyout
2611,2020-12-22 05:23:00,apple icar is a terrible idea here’s why
2612,2020-12-22 05:12:00,invesco mortgage capital inc stock outperforms competitors despite losses on the day
2613,2020-12-22 04:45:00,elon musk says he once contacted tim cook about an apple acquisition of tesla
2615,2020-12-22 03:24:00,2 trillion reasons why the apple icar rumors will never go away
2622,2020-12-22 08:07:00,apple and others are coming for tesla
2626,2020-12-21 05:48:00,nio inc adr rises monday outperforms market
2630,2020-12-21 04:35:00,tesla inc stock underperforms monday when compared to competitors
2632,2020-12-21 04:06:00,apple stock rises tesla dips after report that ‘icar’ could emerge in 2024
2650,2020-12-19 10:15:00,nio not tesla is the better ev stock pick for 2021
2651,2020-12-19 09:23:00,here’s why bets on apple tesla zillow and other tech names will pay off in 2021 says this analyst
2653,2020-12-19 08:14:00,weekend reads buy nio’s stock instead of tesla
2655,2020-12-18 06:32:00,general motors co stock underperforms friday when compared to competitors
2656,2020-12-18 06:11:00,ford motor co stock underperforms friday when compared to competitors
2659,2019-04-04 01:28:00,tesla stock is falling and analysts are backing chinese competitor nio
2661,2020-12-18 05:51:00,nio inc adr underperforms friday when compared to competitors despite daily gains
2674,2020-12-17 06:29:00,general motors co stock underperforms thursday when compared to competitors despite daily gains
2676,2020-12-17 05:48:00,nio inc adr outperforms market on strong trading day
2680,2020-12-17 05:12:00,invesco mortgage capital inc stock underperforms thursday when compared to competitors despite daily gains
2681,2020-12-17 04:36:00,tesla inc stock outperforms competitors on strong trading day
2686,2020-12-16 06:30:00,general motors co stock outperforms competitors despite losses on the day
2687,2020-12-16 06:09:00,ford motor co stock outperforms competitors despite losses on the day
2688,2020-12-16 05:48:00,nio inc adr rises wednesday outperforms market
2689,2020-12-16 05:38:00,workhorse group inc stock underperforms wednesday when compared to competitors
2690,2020-12-16 05:12:00,invesco mortgage capital inc stock underperforms wednesday when compared to competitors
2691,2020-12-16 04:36:00,tesla inc stock underperforms wednesday when compared to competitors
2704,2020-12-14 09:41:00,nio’s stock falls as upsized share offering prices at a discount of more than 7percent
2708,2020-12-14 06:00:00,wall street is obsessed with ev stocks nio xpeng and li auto here’s how 5 brokerages value them
2710,2020-12-13 10:32:00,nio xpeng and li auto are not the next tesla why it’s time to unplug from chinese ev stocks
2714,2020-12-13 08:00:00,ev regulatory credits are complicated why they matter for tesla and nio investors
2718,2020-12-12 09:36:00,nio joins tesla and other rivals in rush to offer more shares in electric-vehicle companies
2721,2020-12-11 04:36:00,tesla inc stock underperforms friday when compared to competitors
2725,2020-12-11 09:13:00,nio is selling more stock that’s good and bad news
2782,2020-12-02 04:36:00,tesla inc stock underperforms wednesday when compared to competitors
2785,2020-12-01 04:42:00,nio stock is falling strong deliveries aren’t enough
2786,2020-12-01 04:36:00,tesla inc stock outperforms competitors on strong trading day
2797,2020-11-30 09:47:00,tesla stock climbs because its model y is about to give nio competition in china
2806,2020-11-27 04:50:00,tesla inc stock outperforms competitors on strong trading day
2832,2020-11-23 04:36:00,tesla inc stock outperforms competitors on strong trading day
2846,2020-11-20 04:35:00,tesla inc stock underperforms friday when compared to competitors
2859,2020-11-19 11:52:00,this isn’t just about nio small electric-vehicle stocks are flying too
2866,2020-11-18 01:16:00,nio beat earnings expectations here’s why its stock is falling
2879,2020-11-17 07:41:00,nio's stock rises ahead of earnings as tesla surge upbeat analyst call provide a boost
2884,2020-11-16 05:15:00,nio is the last chinese ev maker to report earnings can it outdo li and xpeng
2885,2020-11-16 04:35:00,tesla inc stock underperforms monday when compared to competitors
2889,2020-11-15 07:00:00,largest us pension bought up ev stocks nikola and nio and zoom
2890,2020-11-13 04:35:00,tesla inc stock underperforms friday when compared to competitors
2893,2020-11-13 11:11:00,wondering how high xpeng and nio stocks can go you’re not alone
2898,2020-11-12 01:55:00,xpeng stock spikes 38percent on earnings nio li auto rise too
2903,2020-11-10 02:25:00,he bought tesla and apple in 2013 — now he’s got $54 million and is asking the internet what to do with it
2909,2020-11-09 10:16:00,nio trading volume and 9 other things you might have missed while focusing on the election
2916,2020-11-05 02:53:00,why a winning fund likes tesla amazon and mastercard stock
2917,2019-05-28 05:10:00,the ‘tesla of china’ reports earnings today what to expect from nio
2922,2020-11-05 11:07:00,nio is worth as much as gm it’s another sign evs are taking over
2935,2020-11-03 07:55:00,nio stock runs up to a record as october deliveries double
2937,2020-11-02 05:41:00,nio doubled its electric-vehicle deliveries the stock is flying again
2943,2020-10-31 11:30:00,only one stock has crushed short sellers more than apple amazon and alibaba over the past 5 years
2949,2020-10-30 11:02:00,nio is on fire but a new analyst throws cold water on the stock
2950,2020-10-29 09:12:00,nio has done nothing for two weeks why did its stock soar today
2953,2020-10-29 03:09:00,nio's stock soars on nyse-leading volume amid broad gains among ev makers
2957,2020-10-27 05:01:00,tesla inc stock outperforms competitors on strong trading day
3014,2020-10-20 04:25:00,tesla inc stock underperforms tuesday when compared to competitors
3021,2020-10-20 09:08:00,what just happened to nio stock — and what investors should do about it
3028,2020-10-17 00:32:00,here’s why tesla amazon and nvidia aren’t overpriced says this investment house
3032,2020-10-16 01:13:00,jp morgan said nio stock can double it’s now a third of the way there
3035,2020-10-15 04:24:00,nio stock keeps rising and analysts keep telling investors to buy what you need to know
3040,2020-10-15 09:10:00,nio's stock rises toward another record after citigroup says buy boosts target by 83percent
3050,2020-10-14 09:03:00,nio's stock jumps toward a record after jp morgan nearly triples its price target
3053,2020-10-13 07:54:00,nio's stock set to pull back but some other ev maker shares get a boost from upbeat china auto sales data
3061,2020-10-09 04:25:00,tesla inc stock outperforms competitors on strong trading day
3067,2020-10-08 03:24:00,tesla stock is the next amazoncom
3076,2020-10-05 04:25:00,tesla inc stock outperforms competitors on strong trading day
3088,2020-10-02 04:28:00,nio deliveries beat expectations why the stock is dropping
3089,2020-10-02 04:25:00,tesla inc stock underperforms friday when compared to competitors
3100,2020-10-01 04:25:00,tesla inc stock outperforms competitors on strong trading day
3114,2020-09-29 11:54:00,nio electric cars could become an iconic brand says analyst
3127,2020-09-24 04:25:00,tesla inc stock outperforms competitors on strong trading day
3131,2020-09-24 02:46:00,draftkings is poised for ‘hyper-growth’ why its stock could be like tesla amazon and netflix
3162,2020-09-22 04:25:00,tesla inc stock underperforms tuesday when compared to competitors
3190,2020-09-17 04:25:00,tesla inc stock underperforms thursday when compared to competitors
3196,2020-09-16 04:25:00,tesla inc stock underperforms wednesday when compared to competitors
3200,2020-09-16 09:02:00,tesla and apple split their stocks now nextera energy is too
3203,2020-09-16 05:00:00,apple’s services account for 22percent of its revenue and two more numbers to know
3204,2020-09-15 04:25:00,tesla inc stock outperforms competitors on strong trading day
3208,2020-09-14 04:25:00,tesla inc stock outperforms competitors on strong trading day
3215,2020-09-12 10:40:00,it’s a good time to trade amazon options
3226,2020-09-10 04:25:00,tesla inc stock outperforms competitors on strong trading day
3243,2020-09-09 07:57:00,nio stock gets another buy rating
3258,2020-09-08 08:20:00,apple stock slides tesla tumbles and nikola soars
3262,2020-09-08 07:54:00,nio gets bullish endorsement from deutsche bank but stock falls
3271,2020-09-05 10:02:00,after apple and tesla’s stock splits read this before jumping in
3276,2020-09-04 04:25:00,tesla inc stock outperforms competitors on strong trading day
3290,2020-09-03 04:25:00,tesla inc stock underperforms thursday when compared to competitors
3296,2020-09-03 10:36:00,nio august deliveries were good but not good enough for investors
3297,2020-09-03 10:18:00,nio's august deliveries double to a record but stock falls
3306,2020-09-02 04:25:00,tesla inc stock underperforms wednesday when compared to competitors
3309,2020-09-02 00:32:00,nio other ev maker stocks fall as tesla extends pullback
3325,2020-09-01 03:49:00,tesla and apple stock are flying here’s one reason the market isn’t talking about
3340,2020-08-31 04:25:00,tesla inc stock outperforms competitors on strong trading day
3343,2020-08-31 00:42:00,popular trading platforms td ameritrade robinhood and others faced outages early monday as tesla and apple stocks split
3344,2020-08-31 00:26:00,the dow is slipping after index changes apple stock split
3345,2020-08-31 00:22:00,tesla and apple headline a potentially wild monday here’s your trading guide
3346,2020-08-31 00:21:00,robinhood td ameritrade and more face outages after tesla apple split stocks
3347,2020-08-31 10:44:00,nio sold stock at $17 what you need to know
3352,2020-08-31 08:39:00,tesla stock apple gain and the dow is rising
3354,2020-08-31 07:59:00,nio's stock sinks on heavy volume after upsized ads offering prices at discount
3361,2020-08-29 00:07:00,tesla and apple have had a great run — here’s why they’re poised to ‘rocket’ even higher in the next year
3367,2020-08-27 04:25:00,tesla inc stock outperforms competitors on strong trading day
3374,2020-08-26 03:54:00,another day another nio upgrade and another big stock jump
3382,2020-08-25 04:20:00,nio stock gets an upgrade and 1500percent price target increase here’s why
3385,2020-08-25 06:08:00,apple stock is soaring ahead of its stock split that’s not why its future is bright
3386,2020-08-24 04:25:00,tesla inc stock underperforms monday when compared to competitors
3388,2020-08-24 01:28:00,li auto stock just got its first two buy ratings how the electric-vehicle maker is ‘differentiating itself’ from nio
3393,2020-08-21 07:27:00,tech tesla and apple star as stocks keep rising
3422,2020-08-18 08:06:00,softbank made big bets on amazon tesla and 23 other tech stocks the timing was perfect
3435,2020-08-16 01:55:00,companies are weighing stock splits after tesla and apple’s announcement expert says
3436,2020-08-15 10:30:00,weekend reads following tesla and apple more stock splits are coming and they can help you make money
3448,2020-08-14 07:49:00,tesla and apple plan to split their stocks here’s what history says happens next
3454,2020-08-13 07:49:00,tesla apple and the real power of the stock split
3455,2020-08-13 07:13:00,tesla and apple are splitting their stocks here are 29 more companies that could do the same thing
3457,2020-08-12 00:21:00,nio falls again after earnings but analysts like what they see
3459,2020-08-12 10:58:00,tesla and apple are splitting their stocks who’s next
3464,2020-08-11 05:35:00,how china could retaliate against apple and tesla for tiktok and wechat bans
3469,2020-08-11 04:39:00,nio beat earnings expectations here’s why its stock is falling
3472,2020-08-11 08:16:00,nio's stock soars toward record territory after narrower-than-expected loss upbeat deliveries outlook
3484,2020-08-05 04:25:00,tesla inc stock underperforms wednesday when compared to competitors
3492,2020-08-03 03:30:00,nio's stock spikes up after july deliveries data helping lift other ev makers
3493,2020-08-03 11:24:00,nio stock soars after the ev maker reported strong deliveries that’s good for tesla
3499,2020-08-01 07:00:00,a huge pension sold apple microsoft and tesla stock here’s what it bought
3506,2020-07-30 04:25:00,tesla inc stock outperforms competitors despite losses on the day
3517,2020-07-28 04:25:00,tesla inc stock underperforms tuesday when compared to competitors
3537,2020-07-24 04:25:00,tesla inc stock underperforms friday when compared to competitors
3539,2020-07-22 00:41:00,nio stock is dropping because tesla cut its reservation fee in china that’s the wrong reaction
3575,2020-07-21 00:12:00,tesla at $300 billion is much smaller company than apple amazon were at that stage morgan stanley says
3580,2020-07-21 09:03:00,tesla stock is gaining nio is jumping and the nasdaq is set to hit another record high
3595,2020-07-17 09:14:00,nio's stock dives after goldman sachs turns bearish on valuation concerns
3600,2020-07-16 04:25:00,tesla inc stock underperforms thursday when compared to competitors
3608,2020-07-15 05:08:00,hackers compromise twitter accounts of elon musk bill gates apple others in crypto scam
3610,2020-07-14 05:29:00,tesla inc stock underperforms tuesday when compared to competitors despite daily gains
3635,2020-07-09 02:51:00,tesla and nio stock are skyrocketing blame retail traders
3639,2020-07-08 04:36:00,why nio tesla and other ev stocks might be in bubble territory
3641,2020-07-08 10:23:00,nio's stock surges on heavy volume toward longest win streak in 6 months
3658,2020-07-06 08:22:00,nio's stock rockets toward a near 2-year high after upbeat report on june sales
3666,2020-07-04 11:20:00,these stocks including tesla and apple are the real winners for the second quarter of 2020
3727,2020-06-24 09:14:00,nio's stock falls after goldman analyst downgrade 3 weeks after turning bullish
3739,2020-06-18 00:12:00,nio's stock surges toward 15-month high on nyse leading volume
3787,2020-06-04 05:55:00,elon musk lashes out at amazon for rejecting book questioning covid-19’s risks — which it then reinstates
3808,2020-05-28 09:34:00,nio earnings show china’s ev market is rebounding that’s good for tesla
3810,2020-05-28 06:37:00,nio reports narrower-than-expected loss and revenue that beat forecasts but stock pulls back
3812,2020-05-27 00:36:00,nio stock was upgraded ahead of earnings here’s what that means for tesla
3887,2020-05-01 04:11:00,dow falls 622 points and stock market wipes out weekly gains to start may amid worries about china amazon and apple
3889,2020-05-01 01:24:00,dow falls more than 600 points friday afternoon amid signs of china-us tension and hazy outlooks from amazon and apple
3999,2020-03-25 04:45:00,bullish investors pour money into alibaba amazon intel and microsoft
4040,2020-03-18 07:50:00,nio's stock tumbles after wider-than-expected loss but revenue tops forecasts
4060,2020-03-09 08:34:00,tesla and chinese rival nio along with solar stocks slammed by crude oil's plunge
4079,2020-03-02 09:15:00,coronavirus selloff is a ‘golden opportunity’ to own apple tesla and other big tech names
4105,2020-02-25 05:03:00,tesla competitor nio is soaring here’s why
4107,2020-02-25 03:03:00,apple engineer killed in tesla suv crash on silicon valley freeway was playing videogame ntsb
4111,2020-02-25 08:35:00,nio's stock rockets on heavy volume; collaboration deal with hefei government announced
4122,2020-02-22 11:26:00,in this wild stock market some investors favor tesla and virgin galactic over apple and amazon
4162,2020-02-18 05:23:00,the dow fell 166 points because apple stock is exposed to the coronavirus
4164,2020-02-18 04:44:00,it isn’t just apple virus issues will affect a wide swath of tech firms
4206,2020-02-10 09:57:00,nio's stock falls after january deliveries decline on coronavirus new years holiday timing effects
4319,2020-01-25 09:37:00,weekend reads are these red flags for tesla apple and netflix
4341,2020-01-21 01:43:00,nio's stock swings sharply higher heads for a record 9th straight gain
4345,2020-01-21 07:41:00,nio's stock falls on track to snap record 8-day win streak
4353,2020-01-16 02:55:00,nio's stock swings to a gain heads for longest win streak in a year
4361,2020-01-15 08:39:00,nio's stock soars on heavy volume after report of funding secured
4372,2020-01-13 01:03:00,nio's stock jumps on heavy volume in the wake of tesla's break-out rally
4397,2020-01-06 00:23:00,10 tech predictions for 2020 apple tesla netflix and more
4399,2020-01-06 08:14:00,nio's stock soars on heavy volume after december deliveries data
4411,2020-01-02 09:49:00,nio's stock pulls back in very active trading
4414,2019-12-31 10:03:00,nio's stock has more than tripled in 3 months boosted by better-than-expected results and upbeat outlook
4415,2019-12-31 09:27:00,nio stock soars tesla slips and the dow is dropping again
4425,2019-12-30 08:44:00,nio's stock soars after loss narrows more than expected revenue beats
4426,2019-12-30 08:41:00,nio stock is soaring myriad genetics jumps as the dow holds its ground
4431,2019-12-27 00:17:00,amazon stock is still rising boeing gains and the dow is in line for a record close
4469,2019-12-13 03:37:00,cody willard answers questions on facebook tesla and apple
4495,2019-12-05 07:48:00,nio's stock rallies after 4th straight month of delivery increases
4510,2019-11-26 11:21:00,elon musk doesn’t back down after ford challenges tesla to an ‘apples to apples’ tug-of-war rematch
4527,2019-11-22 02:48:00,tesla might be the next apple and elon musk the heir to steve jobs
4550,2019-11-09 09:14:00,tesla’s competitors find that going electric has its own set of problems
4562,2019-11-06 10:33:00,nio's stock sinks to snap 5-day win streak after top finance executive resigns
4622,2019-10-17 07:21:00,nio’s stock leans on ‘bullish engulfing’ stock price chart pattern to stop further weakness
4624,2019-10-16 01:49:00,momentum investors are now buying shares of apple amazon and netflix
4627,2019-10-16 08:17:00,nio's stock drops after report that talks of funding for a new factory were halted
4640,2019-10-04 10:18:00,nio's stock slips in volatile trading after goldman cuts rating slashes price target by 85percent
4660,2019-09-30 02:46:00,nio's stock tumbles toward record low has lost half its value in 7 days
4662,2019-09-28 02:21:00,amazon netflix and apple shares are no longer beloved by the average investor
4664,2019-09-27 06:21:00,tesla unfairly fought union organizing and must reimburse employees judge finds
4670,2019-09-24 02:56:00,nio's stock suffering record selloff on heavy volume; tesla shares fall as well
4673,2019-09-24 07:41:00,nio's stock tumbles toward record low after loss widens sales fall and job cuts planned
4812,2019-07-10 10:04:00,nio’s stock jumps on heavy volume after deliveries data beats expectations
4815,2019-07-10 07:25:00,nio’s stock keeps rising toward its best-ever 6-day run
4821,2019-07-08 01:41:00,nio's stock surges again toward best 5-day performance in nearly 5 months
4823,2019-07-05 01:22:00,nio's stock extends rally on heavy volume on back of tesla's upbeat deliveries data
4842,2019-07-02 01:11:00,tesla sales could boom in china as local competitors lose some advantage
4926,2019-06-03 00:11:00,nio's stock extends selloff toward record low on heavy volume
4932,2019-05-30 06:30:00,companies like apple that depend on rare-earth metals have nowhere to turn
4934,2019-05-29 02:48:00,tesla competitor nio’s stock slides on a ‘challenging and uncertain’ outlook
4935,2019-05-29 00:07:00,nio stock tanks after downgrade ‘weak’ sales forecast
4944,2019-05-27 10:19:00,is it time to revive the rumors that apple will buy tesla here’s why one expert thinks so
4991,2019-05-17 10:52:00,deliveroo deal puts amazon in competition with uber and everyone else
5061,2019-04-26 05:19:00,weekend roundup where should you move | what it means when everyone loves amazon | tough quarter for tesla
5098,2019-04-23 11:59:00,an obscure company’s stock plunge is bad news for tesla and nio
5128,2019-04-20 07:46:00,weekend roundup tesla vs toyota | retirement crisis | what it means when apple and qualcomm play nice
5158,2019-04-10 06:58:00,tesla is like apple and salesforce but don’t buy the stock right now analyst says
5173,2019-04-05 09:34:00,why amazon will triple to $5000 a share according to the this hedge fund manager
5201,2019-04-02 08:55:00,nio shares gain after first-quarter deliveries top forecast
5257,2019-03-15 08:01:00,amazon’s $1 trillion price target tesla’s newest car and more to know about stocks for friday
5278,2019-03-12 10:14:00,why investors can’t count on apple and facebook to carry this stock market higher
5279,2019-03-12 05:00:00,why an apple and amd veteran decamped for intel
5375,2019-02-26 11:21:00,nio's stock soars on heavy volume again after ceo interviewed on '60 minutes'
5379,2019-02-15 03:28:00,amazon is a risk for almost every stock and sector
5384,2019-02-24 08:59:00,nio ceo touts its electric cars as ‘ticket to a new lifestyle’
5391,2019-02-20 00:37:00,tesla the next amazon shareholder sees the stock reaching $4000
5394,2019-02-20 11:16:00,amazon's investment in ev maker rivian may be the biggest auto story of 2019--morgan stanley
5421,2019-02-09 04:18:00,amazon should buy netflix — and 9 other mergers we’d love to see
5423,2019-02-07 08:07:00,if you own apple amazon facebook or amd look out below
5467,2019-01-30 08:35:00,boeing takes off at&t slips as trade hopes apple lift stocks
5480,2019-01-24 01:34:00,apple lays off employees from self-driving unit project titan report
5489,2019-01-23 09:30:00,investors have seen the best netflix and amazon shares have to offer says this money manager
5517,2019-01-14 03:12:00,money flows show netflix amd and amazon shares may rocket on good news
5521,2019-01-11 00:32:00,sheldon whitehouse buys tesla stock sells apple
5535,2019-01-07 04:21:00,apple’s stock price won’t recover and 9 more bold predictions for 2019
5606,2018-12-11 03:28:00,how one investor’s amazon misfire led to a 99percent loss in his trading account
5609,2018-12-11 09:47:00,here’s the most recent update on money flows in nvidia apple and amazon
5626,2018-12-05 09:30:00,apple will buy tesla and other wild predictions for 2019
5628,2018-12-04 09:32:00,apple will buy tesla and other ‘outrageous predictions’ from saxo bank
5649,2018-11-22 08:49:00,amazon’s hq2 offers amtrak’s new york–to–washington commuters new hope
5651,2018-11-21 08:02:00,the tech-stock selloff is a golden opportunity to buy amazon apple netflix and tesla
5656,2018-11-19 01:08:00,nio stock rallies after famed short seller heaps praise over ‘chinese tesla’
5663,2018-11-12 10:38:00,why apple failed in india — and how it can start innovating again
5682,2018-11-06 08:35:00,how trump could rescue apple’s fast-sinking stock
5690,2018-11-02 01:06:00,the ‘smart money’ is staying neutral on apple
5700,2018-11-01 09:19:00,professional investors are snapping up facebook and avoiding amazon
5714,2018-10-29 08:49:00,this money-flow chart shows that amazon and netflix are in dangerous territory
5767,2018-10-19 09:32:00,amazon and other battered tech stocks to buy after an ugly october for the nasdaq
5811,2018-10-05 09:31:00,forget facebook and apple and buy cheap bang stocks
5913,2018-09-17 06:57:00,china’s nio may be facing the same issues as tesla according to analysts
5914,2018-09-15 08:28:00,weekend roundup nike’s good fit with kaepernick | apple’s new product cycle | the next financial crisis
5918,2018-09-14 10:14:00,nio stock falls after trading halted for volatility
5921,2018-09-12 05:34:00,shares of chinese electric-car startup nio rally in wall street debut
5923,2018-09-12 10:42:00,tesla rival nio's stock debuts with a selloff opening 42percent below its ipo price
5925,2018-09-12 07:39:00,tesla rival nio to go public after pricing ipo at low end of expectations
5978,2018-09-05 07:46:00,remember when apple was struggling and tesla was riding high there’s a lesson in that for today
5986,2018-09-02 09:35:00,weekend roundup should apple buy tesla | a no-deal brexit | marijuana stocks and politics
5991,2018-08-31 07:19:00,warren buffett apple investing in tesla is a ‘very poor idea’
5995,2018-08-30 07:54:00,now would be the time for apple to buy tesla and kick musk out of the driver’s seat
6013,2018-08-24 01:05:00,large numbers of tesla employees flock to apple report
6018,2018-08-22 02:14:00,dear elon ask apple or google to acquire tesla
6070,2018-08-14 02:30:00,apple is looking to develop chip for health sensors report
6071,2018-08-14 11:44:00,nio potential tesla rival from china files for $18 billion us ipo
6107,2018-08-08 03:43:00,money flows of 11 popular tech stocks show alphabet and apple getting stronger
6158,2018-08-07 07:32:00,the revenue-growth rate that helped fuel tesla’s rally relied on an apples-to-oranges comparison
6163,2018-08-04 07:41:00,weekly roundup apple’s trillion | musk rallies tesla | faang or no faang
6168,2018-08-02 04:46:00,apple’s romp to $1 trillion market cap helps s&p 500 nasdaq notch gains
6198,2018-07-30 07:00:00,earnings watch even apple takes a back seat to elon musk right now
6217,2018-07-20 07:41:00,amazon netflix and tesla face tighter capital markets
6231,2018-07-12 10:48:00,nlrb alleges elon musk coerced tesla workers against forming union report
6277,2018-06-27 09:36:00,‘hot’ money is flowing into netflix facebook and amazon again
6282,2018-06-26 01:29:00,why amazon netflix and tesla shares may get an extra bump until the end of june
6355,2018-06-01 11:58:00,tech today defending micron apple’s narrative can tesla make cars
6460,2018-04-24 03:04:00,more from sohn bill gurley on amazon tesla ‘peak cars’
6471,2018-04-17 04:21:00,apple cracks down on drone pilot who shoots epic apple campus videos
6477,2018-04-13 09:00:00,why t rowe price likes alphabet amazon and facebook
6503,2018-04-04 08:38:00,tough to sue trump for his amazon tweets says expert
6514,2018-04-03 09:31:00,here’s why investors should be hanging onto a battered amazon right now
6519,2018-04-02 11:13:00,tech today trump’s fake amazon news nvidia’s crypto risk tesla’s travails
6528,2018-04-03 06:57:00,intel amazon and tesla lead tech stocks lower on the first trading day of april
6530,2018-04-02 04:24:00,stocks plummet as tech amazon lead broad selloff; nasdaq negative for 2018
6621,2018-03-02 04:22:00,apple tesla to lead ‘edge’ computing says guggenheim
6624,2018-02-26 08:14:00,big stock buys ge tesla apple netflix
6659,2018-02-02 02:39:00,how lithium and cobalt are getting a boost from tesla apple batteries
6662,2018-02-01 09:38:00,the amazon chart you may not want to see but probably should
6695,2018-01-09 09:36:00,this one stat shows why amazon shares have a lot more room to run
6734,2017-12-23 07:01:00,how apple could have prevented the iphone-slowdown controversy
6745,2017-12-15 02:52:00,how you can profit from apple’s move into lasers
6747,2017-12-14 07:46:00,tesla moves to the meatpacking district joining google and apple in fashionable nyc locale
6775,2017-12-03 07:06:00,weekend roundup tesla might be the next amazon | a likely bitcoin crash | private sector fights global warming
6779,2017-11-29 09:41:00,if you love amazon then this high-flying stock could be a sure bet for 2018
6790,2017-11-22 07:24:00,‘league of legends’ owner tencent is closing in on amazon
6824,2017-11-12 09:15:00,weekend roundup valeant’s earnings games | tesla’s junk | how apple stashes cash
6829,2017-11-08 02:24:00,the most important new thing about apple is not the iphone x
6859,2017-10-31 08:55:00,earningswatch apple tesla and facebook are post-halloween treats
6866,2017-10-28 04:20:00,which stock is a better buy — google or amazon
6947,2017-09-26 07:00:00,tesla apple and amazon alike yet different
6980,2017-09-12 09:26:00,it’s nutty that apple is rallying into its super-hyped iphone launch strategist says
7013,2017-08-19 02:29:00,apple issues canadian-dollar bond for first time — and sets a record
7064,2017-08-02 04:37:00,dow ends above 22000 milestone with help from apple
7085,2017-07-30 07:21:00,the stock market’s fortunes may ride on apple’s shoulders
7088,2017-07-29 00:12:00,the apple car could run traditional automakers off the road
7094,2017-07-28 09:44:00,a case for buying the freakin’ dip with amazon as the mooch might now say
7099,2017-07-25 09:49:00,here’s why amazon facebook and the gang are not going to take down this market
7171,2017-07-03 07:10:00,alphabet’s waymo is winning the race for self-driving cars — and apple is far behind
7193,2017-06-29 07:40:00,no 1 mutual fund which made a killing off amazon and tesla is now focused on these stocks
7208,2017-06-15 00:00:00,tim cook tax break for apple is ‘what’s good for america’
7210,2017-06-15 08:29:00,tesla should brace for ‘serious competition’ from apple in driverless cars morgan stanley
7213,2017-06-14 03:18:00,apple tesla shares are two of the biggest shorts in the world right now
7215,2017-06-13 02:30:00,we still don’t know what apple is up to with driverless cars
7217,2017-06-13 10:02:00,apple is working on its own self-driving car technology
7223,2017-06-11 07:52:00,weekend roundup what apple expects you to do | millennials enter the stock market | arguing over tesla’s stock
7248,2017-06-05 07:46:00,an amazon engineer lets random people trade stocks with $50000 of his money
7249,2017-06-03 02:09:00,apple ceo tim cook says he tried to talk trump out of exiting climate deal reports
7294,2017-05-15 11:25:00,what if apple becomes tesla before tesla becomes apple
7306,2017-05-07 11:23:00,elon musk robot software will make tesla worth as much as apple
7329,2017-04-29 05:23:00,how apple and tesla want california to change proposed self-driving car rules
7330,2017-04-29 08:00:00,fed jobs data and apple earnings will keep stock-market investors busy
7358,2017-04-14 05:12:00,apple gets to test driverless cars in california
7376,2017-04-06 00:26:00,tesla will win out in the end because it’s following the amazon model
7432,2017-03-15 04:37:00,tesla offers $250 million in stock $750 million in senior notes
7462,2017-02-24 00:52:00,the $9 billion case against tesla and why investors are betting against amazon apple and chipotle
7494,2017-02-12 01:02:00,apple finally speaks out publicly against trump’s travel ban
7496,2017-02-10 00:00:00,tesla worker not on ‘union payroll’ uaw says
7497,2017-02-10 10:27:00,tesla auto factory workers reach out to form union
7549,2017-01-10 05:13:00,tesla hires apple vet to lead 'autopilot' software efforts
7589,2022-02-15 05:18:00,the zacks analyst blog highlights apple inc exxon mobil corp tesla inc advanced micro devices inc and conocophillips
7598,2022-02-14 10:31:00,nio’s results should show the tesla competitor is real competition
